,STOCK_US,STOCK_UK,STOCK_DE,BOND_US,BOND_UK,BOND_DE
1980-01-31,0.09928009704067331,-0.10314564705091223,-0.038487039817653695,0.02467873877111409,0.028557783117253953,0.02375581251449058
1980-02-29,-0.017796268112735217,0.0847724330421677,0.04833396754359601,0.019551225598330068,0.02946125785089655,0.02212708002568944
1980-03-31,0.08450597677035539,-0.06661645953158826,-0.06075726549613224,0.020731716458447874,0.032066713188738445,0.023980764070287694
1980-04-30,0.044232064534140136,0.01588072258033331,-0.0696911778124681,0.025929065982748627,0.03419205799906013,0.025485802193939262
1980-05-31,0.024724251577745243,0.01168447529598408,0.061856167160082076,0.02141419853625561,0.0312596251233688,0.0233990265751328
1980-06-30,0.0764436441180911,0.04265335180905459,-0.07384131205022267,0.02398533387379446,0.023603971128504174,0.020478732471297764
1980-07-31,-0.0018567615045665536,0.020084372684930657,0.04513461125413652,0.024323215083012294,0.03433069522636882,0.026701273941130324
1980-08-31,0.006834180221708393,0.01821409690339299,-0.00470877517910414,0.021279849142091602,0.023451320525169198,0.020989844758136394
1980-09-30,0.015595848728386727,0.06940890843364853,0.08744152024544731,0.02436752079472216,0.03247193674457251,0.02334208290830182
1980-10-31,-0.0900260318282322,-0.02610988025205547,0.01681961795218964,0.019403530746962334,0.02679993403332669,0.021722127491399852
1980-11-30,0.05147015802180156,0.00561381269249258,0.033732092570031305,0.022060250974753857,0.033236412090461576,0.027168231827284443
1980-12-31,0.06017111454818873,0.09531474624297205,0.03988384856053166,0.0229732063263415,0.027381547722398376,0.02536009840539641
1981-01-31,0.03326673669596115,0.17630225929552384,0.12255871243704046,0.0214476226382677,0.029309252244696646,0.024644129928656566
1981-02-28,-0.035194535357419024,-0.06980398462229465,0.015515386489305526,0.02000490401790734,0.026172782445616626,0.023119375199208248
1981-03-31,0.0659602593196492,0.12777489846421558,0.08582072680882873,0.01911748275149791,0.03507854321481527,0.024988266428316242
1981-04-30,-0.010533111609224481,-0.005672663824933859,0.07224911152449941,0.019346857135641445,0.03838000965271617,0.026830309339293125
1981-05-31,0.03507692252823633,-0.004400063231415723,-0.004606300141235444,0.020508259907385012,0.027730184735270724,0.023218913019639402
1981-06-30,0.045173934167789045,-0.0061603734594443335,0.01941153780399018,0.02181137321899232,0.030974870661378655,0.023777435019855426
1981-07-31,0.004334320955529131,0.1290795928270146,0.06839212720513853,0.022230898622918268,0.027367307494831183,0.023426663969724777
1981-08-31,0.05707568279967802,-0.114468532257436,-0.09300036259909782,0.020542079537591754,0.0275588365254476,0.024037254888602637
1981-09-30,0.029424586644893187,0.09665745318683361,0.02025550432436875,0.0203962806444187,0.030137359487614014,0.02088241996648579
1981-10-31,0.021386287423399014,-0.06394519541196259,-0.11167599522568675,0.02264565911233536,0.030594496306648452,0.0231493628598185
1981-11-30,0.02787131286416896,0.06377557319605033,0.05388031688371209,0.020069231716695377,0.03184637240932653,0.024421426575340535
1981-12-31,0.020796644116156077,-0.031749833903138035,-0.010278460189917835,0.020432242598422856,0.023971057829677532,0.019969161213873293
1982-01-31,0.00941215211163076,-0.050744724387177184,0.027928725114869633,0.020558978423048747,0.027088466733298743,0.021227154132088682
1982-02-28,0.01376494070968631,-0.011175116675743238,-0.008507710397147709,0.019699337170529914,0.023401603916416304,0.024183379866617605
1982-03-31,-0.01000832952666603,0.040959206740612805,0.036298624536252266,0.02183493856346505,0.035673624373777975,0.02492425592238587
1982-04-30,-0.015802194040208464,0.11172672325989577,0.023513448493720116,0.02404280652823674,0.02836781267995008,0.023072352541990658
1982-05-31,-0.07142540503467262,-0.023827343630821653,0.021222089696408413,0.023155507399767995,0.030458997161376806,0.022474999365805853
1982-06-30,0.05621032279221863,0.14307579141681254,0.09864599786822033,0.01916849002552697,0.03366870797076283,0.023857840168336628
1982-07-31,0.05796011753405153,0.03361135524552456,-0.12271436803101644,0.021860276533862865,0.02772500864293887,0.02233352298505113
1982-08-31,0.04170998000108986,0.07390799835391514,-0.03403937815623673,0.023588021656865712,0.03500408242136939,0.02701546405743385
1982-09-30,-0.030695582695961825,0.03541905844098722,0.08108552714875501,0.01887189739418432,0.03284748177720772,0.023968655688237202
1982-10-31,-0.10955126343581627,0.06969558356492961,0.11210221664177845,0.023807986448627187,0.033317990764963674,0.026722209123763833
1982-11-30,-0.002439468793537059,0.09590497688802821,0.020268403463732872,0.01849038905632438,0.026735483629820183,0.020454015173118286
1982-12-31,-0.0004270808055232868,0.0023920470630857844,0.019385289648122608,0.023790226417111374,0.025333765473078446,0.02100622764584471
1983-01-31,0.0429546286197026,0.0364381333356871,0.02450698047721512,0.023328200026391698,0.027561809086949534,0.022211940188095303
1983-02-28,-0.011067452696857799,0.007002983909620921,-0.0027828080722748175,0.025914704496846398,0.02495374631985625,0.022958916851693933
1983-03-31,0.03840661421513933,-0.12038021419241923,-0.0673644815468396,0.021525557732114498,0.02782601734711907,0.022438561446288863
1983-04-30,0.07710037501310125,-0.023039486908369843,0.0361555351620728,0.02305007085775123,0.03089746100004014,0.023797082632485467
1983-05-31,-0.014149829091880232,0.10222601827938048,0.13228077486553566,0.016702902161345512,0.023853588185525878,0.019253348151025185
1983-06-30,0.0539722284485,0.09779101415780193,0.09214167149345555,0.02322762454047228,0.03362780158067642,0.024306650917698246
1983-07-31,0.09346329562187324,0.1366144662338801,0.021710130149514627,0.01805839329538767,0.030773480143942385,0.02126635567200871
1983-08-31,0.01564085883445583,0.04118191005327248,0.10941416620470805,0.018172212564258595,0.027001504102459523,0.020181636427244243
1983-09-30,0.07351289719377224,0.03297402972678132,0.020544108255684743,0.01809578420606475,0.030075919480361826,0.02045593691975719
1983-10-31,0.016930372613855202,-0.08044270499619975,-0.051956331759629285,0.020433977487741447,0.025682939533564764,0.02001236019601702
1983-11-30,-0.05234949710822674,0.05028186326446231,0.09637644689539128,0.02147468272990716,0.03204082617811421,0.025011553325049035
1983-12-31,0.014144262589488477,0.04160549060918833,0.052508106388128556,0.02454585237317159,0.030750635280036135,0.02673296324610533
1984-01-31,0.04260914342492385,-0.01585604135576954,0.027987719929816187,0.020109984747473074,0.02861996627335505,0.023553549930025335
1984-02-29,-0.032700415924157566,0.05189989525417277,0.07249727063087448,0.028326858668309286,0.02790828958706312,0.025823373075763795
1984-03-31,0.03127602274416739,0.02913747119789056,-0.058322204018277965,0.018844558829206538,0.02918520912043216,0.022970208875820745
1984-04-30,0.05462726746976626,0.08715405772063037,0.14026816173431972,0.02589428077705738,0.03252801873727849,0.0250057320573661
1984-05-31,0.041318995949794976,-0.005003741673845777,0.005562691518241597,0.02396001638217431,0.02816796197004377,0.025629872026760144
1984-06-30,0.09315451787975201,0.08223087994473222,-0.030391619548376003,0.02181331068269993,0.024577403790461833,0.022489480611822307
1984-07-31,0.08401347922352993,0.048796926595036885,0.012521952565317868,0.023970884265986373,0.03132390615504765,0.025572382385377523
1984-08-31,0.06420381911061232,-0.04657672418309415,-0.12134858229314545,0.02072900739659334,0.028559447770906358,0.02263540270486982
1984-09-30,0.053846536633454956,-0.07754952937196705,-0.044462870479107255,0.02214651906804196,0.023346362676701718,0.02047215316915499
1984-10-31,-0.03006597536674675,0.05981123327440331,0.02261395932310945,0.02001114942572573,0.03125939509623381,0.023443461337865235
1984-11-30,0.007350400628972475,0.0833505924312853,0.0066551405474173965,0.017372153969675747,0.02671334568672233,0.019721696024447097
1984-12-31,-0.02920766951717908,-0.06673061532278146,-0.053636977909946246,0.018937466649172282,0.025021203402745194,0.021204927440118097
1985-01-31,0.006152062672260809,0.08762545183534357,0.009304429846346076,0.02088459756061212,0.027119913659892407,0.022103377622258325
1985-02-28,0.013664362262881848,0.028154516881013423,0.004849864691234149,0.02155849591788671,0.026858348650304127,0.019810015723197252
1985-03-31,0.0017380944954827789,0.005630264041442755,0.09245635482355936,0.021419734530128822,0.027604158681928365,0.023332444645560623
1985-04-30,0.0829114872370231,0.06099193273854843,0.04085967882445328,0.022422245724144006,0.02495300747317185,0.02252484176042444
1985-05-31,0.050534960537768306,0.010084315408035407,0.05745858781866092,0.019625656012708968,0.028173486427888788,0.021817331229416936
1985-06-30,0.07130370250668869,0.055714686283955754,-0.02839478622237693,0.02053950247114508,0.024984405730501702,0.02134792072191645
1985-07-31,0.09695393380372096,0.0113936456014129,-0.037365414747379325,0.0198560172603834,0.02842026222446967,0.02291016626886414
1985-08-31,0.02809636094693297,0.03621461312616847,-0.10808645295401377,0.01781772551645326,0.02858069825930848,0.02104080564033702
1985-09-30,-0.02623039395930449,-0.022962038496553566,-0.010690380134390099,0.019386703626503146,0.027910811046962122,0.022084288805062947
1985-10-31,0.04182081228982986,-0.06903587914165482,-0.12808277836422952,0.018892417131990566,0.027460433825393343,0.022272467666482883
1985-11-30,-0.027015215820855937,0.06694090224236285,0.03364297974139291,0.018337334501348716,0.028531691974417454,0.02257149665240071
1985-12-31,0.021802673150772833,-0.061383512886514946,-0.07071308597913874,0.022037719776136534,0.03509563912362745,0.027529546907368446
1986-01-31,-0.014164834033718685,0.02758232380365918,0.022187927388828157,0.019220017480742497,0.02700442870880647,0.021228533656677366
1986-02-28,-0.0037086160176941947,0.0010390971942175718,0.031193089556790798,0.021306876720617835,0.025961387900106818,0.02179432050376123
1986-03-31,0.0007854957959634243,0.09127816972727405,0.04506582994771027,0.021777938999697856,0.031107417489986317,0.023506498469771986
1986-04-30,0.042319635544822445,0.06018757209817648,0.07180707683814705,0.021445071017906204,0.030018796164714465,0.023028670860935147
1986-05-31,0.08868668901345125,-0.07768559067181109,-0.15440928414101196,0.02020370440977708,0.030622653408405528,0.02472801893128198
1986-06-30,0.0176672475257768,-0.0920186401842494,-0.03860672912858705,0.015086309000304877,0.024062029427287163,0.01770579427271078
1986-07-31,0.03973091965688708,-0.009863635129136947,-0.03497788726491262,0.018986582345772756,0.022758537072626442,0.020171281764178595
1986-08-31,0.0005041969382087487,0.029952082166084443,0.026979576817941133,0.017919698968026466,0.02939790430402455,0.020447817582219485
1986-09-30,0.06573279459491457,0.020645564261752715,-0.028309737694773376,0.019641909834115918,0.02888882453566321,0.02137648284297864
1986-10-31,0.017696206140222034,0.07538620891257153,0.1115516558941974,0.021386249702662435,0.021308834829408794,0.02000996284701802
1986-11-30,0.10777081756357489,0.13137722389282813,0.05250756187508106,0.01721727289911712,0.02883129349626039,0.020452720560363565
1986-12-31,0.021927635031616988,0.01273113409577364,0.018691659822221075,0.020686298719085325,0.0304665120468815,0.023150653273611335
1987-01-31,0.009613676021461825,0.10959887693541377,0.14757389073324073,0.02161278604732267,0.03154331422471097,0.024471496702319018
1987-02-28,0.012279916830640652,-0.07121417269976722,-0.027301647819313133,0.018436994415228877,0.02935759672956087,0.022836693453520594
1987-03-31,0.009983791658650033,0.030971538292698563,-0.03870075980271702,0.02118260215204758,0.03186441391827201,0.02410009790139209
1987-04-30,-0.05010649212423812,0.07633835306848036,0.08208106416517896,0.0177109028656312,0.027856254588502917,0.019992945243975817
1987-05-31,0.024878965292910213,-0.025505253078862644,-0.10408024690360719,0.02057870259220035,0.029639528217955693,0.023588142971916422
1987-06-30,-0.02339394481128731,0.015555655173886233,0.10564441153162946,0.0227733299865784,0.028730090013598362,0.022447226571097163
1987-07-31,0.013276214410391628,0.11020030255302772,0.100043982080112,0.02031941364791916,0.02909613978672662,0.02198526106908633
1987-08-31,0.034024320256866046,-0.01713813943941077,-0.049528354964487514,0.02298817150250628,0.027262890302135835,0.020683236919805895
1987-09-30,-0.07592052251136565,-0.025683332390701696,-0.015253050270993822,0.0194362819028412,0.023384820185556116,0.018625238339529962
1987-10-31,0.021011998798636765,0.05355133280029185,0.0586017595876879,0.019409401868534966,0.032946037367307626,0.0233471918712025
1987-11-30,0.06106860214546239,0.11120702283234342,-0.0009326967067621213,0.019720676682406308,0.028914600811697146,0.023125911612741096
1987-12-31,0.035973425571983984,-0.010832835423804671,-0.006610822949932833,0.017549153067747587,0.026075441858760613,0.020367129193200405
1988-01-31,0.047484478987833825,0.08969892831847459,-0.028340941701187058,0.018427581781520767,0.029007036815260213,0.023325740326238405
1988-02-29,0.11418466219516502,0.12710052805370112,-0.007042211481287326,0.017513610934749447,0.020833631050363923,0.019433784403801387
1988-03-31,0.025142678033018673,-0.016545164976681376,0.01776600758698575,0.020045928057658643,0.02162909145755793,0.019429856668141548
1988-04-30,0.003953481281171057,0.005905524871594549,-0.06886812731957409,0.01913298031125475,0.025794965809470376,0.019695174079618356
1988-05-31,0.11740348236221797,0.07150983527724808,-0.0426270608997624,0.020686957338101948,0.02842372113943223,0.023371320080959396
1988-06-30,0.0721601647162709,-0.0067223896649005535,-0.1009701202673042,0.019139486077488256,0.02681666599943747,0.02182100815094226
1988-07-31,-0.0328387852020553,0.0024598385282994725,0.05436434860071947,0.01732090865870781,0.029997411421028332,0.022625528064549927
1988-08-31,0.04065427012633818,0.06017679101959554,-0.024397684967429407,0.01634679752215197,0.026620590562675708,0.018250962144295647
1988-09-30,0.03487770873564158,0.019322412647007993,-0.05606062608538631,0.016656094696166763,0.023585096176549105,0.016259703471063487
1988-10-31,0.0698985534188452,0.055353440899231984,0.07184512961045493,0.020736365184057085,0.024959040853722494,0.020948430649710022
1988-11-30,0.029993001400275384,-0.13011898302882713,0.0233455831120491,0.019936256813531096,0.0251749037451903,0.01919362199058422
1988-12-31,0.0788836611538848,0.04468576629667424,-0.1265597996753567,0.01774541390305481,0.03294928716822433,0.021191740258662113
1989-01-31,0.11473796489115097,0.08562212442549542,0.03084248430500669,0.017149046972930338,0.025425068688687616,0.021637823641027135
1989-02-28,-0.015585417890408713,0.053772970109169635,0.013550648298262791,0.018946993577143592,0.025780373355835596,0.01968296737069396
1989-03-31,0.007539060403837632,0.006297052327993526,-0.027305451146767506,0.017351639820183656,0.029208815363709825,0.02128786059925122
1989-04-30,-0.002141806538800913,-0.1654841499276064,-0.12452869800758669,0.017382045062916632,0.027185705706409647,0.019773038139531098
1989-05-31,-0.023157944385288388,-0.01929719920086393,0.06881692964478055,0.02178886482213675,0.025559567979668168,0.021935032928693025
1989-06-30,0.0356090799739152,0.09631943064047732,0.011395908489863594,0.014818256098258497,0.024708533250839302,0.01657950299377265
1989-07-31,0.03905850067588955,0.06386771243495071,0.03765854317503817,0.020344665922237416,0.029458068731970453,0.02131247227931775
1989-08-31,-0.037099494781079434,-0.10636641416271131,-0.03416912262036888,0.0194433564219813,0.027805823786666423,0.022213570717294785
1989-09-30,0.023166546232180528,0.04534365656633472,-0.008518672069231608,0.018925442977453955,0.022006653813686966,0.01915689741315286
1989-10-31,0.020783710958306965,-0.013711518958977723,0.07608037470250086,0.017478703404229093,0.025122602231225498,0.020242037099899017
1989-11-30,0.04781677840727321,0.037605925965667655,-0.07467733223349944,0.01773487482589279,0.027289037901716443,0.02038500344035064
1989-12-31,0.04407752237410936,0.05970496300733344,0.04979425574623453,0.02044100387895731,0.02537336021475629,0.021973144343691114
1990-01-31,0.0632765277365807,-0.0010092335975285943,-0.007039230509535518,0.01943023230577888,0.026430192364693385,0.02094646127593403
1990-02-28,-0.012693631925703167,0.020884679150494512,0.11807764125695262,0.01733286368738921,0.025220208574098586,0.020771839230231914
1990-03-31,0.042001417269042426,0.07921316352967173,0.11755979872845965,0.01707391175673789,0.025735820107124,0.018941499024433157
1990-04-30,0.0592267860967179,-0.0017583189223568385,-0.02171184546242162,0.020520176154833387,0.03293923333089441,0.02500706922029344
1990-05-31,0.031188652884548806,-0.0005071097929425401,0.016068984764929517,0.014554520149862825,0.022315086311238456,0.016600557096898914
1990-06-30,-0.03333515873969291,0.09771666316419399,-0.00802735240972582,0.021296245390570775,0.03248297416346755,0.022596125041380713
1990-07-31,0.014444037722368637,0.01695883745707278,0.04042407343045803,0.01972604571958161,0.028293567974541054,0.020209824316214462
1990-08-31,0.005264219605587237,0.15090005218324112,0.1180359309120554,0.021801913798417914,0.021019358813456665,0.018975676295628487
1990-09-30,0.006206896144498151,0.039339382051698416,0.006258298574840254,0.018885037534996048,0.028077370668447843,0.021348848532485802
1990-10-31,0.031924515441334934,0.010237621211657003,0.062445677963520047,0.018428395159211967,0.02705540162977407,0.019032860167391284
1990-11-30,0.02558386647824485,0.01990063467450877,-0.12839911669688395,0.01978535233223412,0.027233625671897865,0.02141216707308695
1990-12-31,0.0918538023101228,-0.030661206125990048,-0.06476374843246353,0.018921497967099556,0.02641242047165045,0.01950398363596657
1991-01-31,0.017433499017011057,-0.0025920839613564686,0.03974500883668459,0.01842910314971693,0.024896332017071938,0.02011003796376014
1991-02-28,0.012847663715141008,0.017393017752941123,-0.06154294556333899,0.015506297811478838,0.02624372279716474,0.019772434103036345
1991-03-31,0.0555035787551028,0.11871120717634893,0.15297658096065575,0.01991600923050383,0.02847664945020522,0.018551236014152393
1991-04-30,0.0450121835889474,0.1296345498942258,-0.011832893667089586,0.020945612046479968,0.02492602728471769,0.019512753544432927
1991-05-31,-0.018113796378452566,0.07004080290996682,0.0737662318165287,0.014814430197124407,0.0321481654718041,0.02104430575765883
1991-06-30,-0.013429426421807337,0.07832148877788556,-0.006101502680545063,0.01752354983036073,0.02564725402045813,0.01909511470408579
1991-07-31,0.03270154928522184,0.053202288282869575,-0.06858185007481614,0.017959512424119972,0.021186681635658823,0.016945935678395495
1991-08-31,0.09947176514366603,0.020247817942985878,-0.006159936466936449,0.013438373574439309,0.028557850739112933,0.019944350911241616
1991-09-30,-0.027385499709142013,0.05419449969399424,-0.00044074402939637755,0.022284549058927402,0.029093042007051113,0.022782360384856187
1991-10-31,0.0950416612979169,0.09707849992637566,0.05692208415878325,0.02254592687087655,0.029958008691231455,0.02380506900867894
1991-11-30,0.0799007575777869,-0.02477502844696828,-0.016425834332936342,0.018141638854710217,0.0294609162778871,0.01961399121690222
1991-12-31,0.018189480648688756,0.016879912458761852,0.028523017204532746,0.022692942177375774,0.02529796281945668,0.020992662128103797
1992-01-31,-0.0208166344130999,0.10076059933364406,0.04826930476042063,0.020204622164762005,0.0267075154849879,0.020906724701902912
1992-02-29,-0.0493290614003114,0.09143370013953184,0.03437415644718782,0.017213200114802426,0.02710191447403815,0.020520382835793344
1992-03-31,0.03958281854328044,0.03473407308262635,0.005032379759427764,0.016116382877948175,0.021513483464950623,0.01738124147976574
1992-04-30,0.02998431178207364,0.035692733202312865,0.0578888551832379,0.019861275405470388,0.02445620664665592,0.019946109019824725
1992-05-31,0.06126745662160135,0.0645610343076729,-0.05841216006094563,0.019623534502821338,0.02911421076126674,0.021926898819041887
1992-06-30,0.013793146253812349,0.07635273399910383,0.00108038217072191,0.01791481069370981,0.029999175201969715,0.021783907496549244
1992-07-31,0.04916101431536162,-0.03609550875546712,-0.015219095560299694,0.017467070935832184,0.021656682723576695,0.018093586011053733
1992-08-31,0.0021805858783600987,0.06084704400528136,0.022260835947033257,0.016858331787283964,0.027948166997444682,0.020594085693654104
1992-09-30,0.0051212806148369875,0.07938622253073072,0.06069860621720688,0.019694907488476666,0.026833002104205212,0.02040732511312926
1992-10-31,0.022425109340768468,0.121337150323253,0.06849731357296042,0.016801538897134954,0.024851990953632955,0.020136380078211183
1992-11-30,-0.035515227736207425,0.07406450457204146,0.14168317914525147,0.017147824170662528,0.020157424095364314,0.01848597309014261
1992-12-31,0.07857292595554856,0.1672522795449166,0.08908767957542137,0.01680506722485833,0.02531554660243681,0.017391100632267682
1993-01-31,0.07713717348446633,-0.02464735302646478,-0.1275888668512798,0.01950554879732737,0.026890059609679096,0.02081760350365553
1993-02-28,0.05500556922955209,-0.004284580525839361,0.057313428729635546,0.017043160856802707,0.0278384879443745,0.019333844972719744
1993-03-31,-0.013834025655556376,0.09601719556570154,0.11946849961108116,0.01590575409553914,0.02407659111617589,0.019410510215440647
1993-04-30,0.043207983607786785,-0.0590620231542667,-0.008562671794598034,0.01581942004315939,0.0325064032865794,0.021993914404443822
1993-05-31,-0.00860735903449179,-0.005606263887044792,0.040845207717410154,0.019707213992912927,0.025390751984086225,0.021530950196855293
1993-06-30,-0.06066849559847029,-0.019042699063093874,0.12277685571653,0.017700737370571807,0.025381557962937347,0.01913843762196718
1993-07-31,0.03660080367875569,0.0804824998549965,-0.04459523341001537,0.014825106198562216,0.027600849316439396,0.0189613918681978
1993-08-31,0.0483957273090327,0.11155374517001715,-0.04093152683052491,0.013361063102825204,0.02165464323803489,0.015948914059247803
1993-09-30,0.05563106009144905,0.004253001004933681,-0.011875323112028952,0.01780495200068211,0.02021245684110907,0.017589728519483313
1993-10-31,-0.009904264562778362,0.04486547494432647,0.04716690646425806,0.01687543097391956,0.023551455580428583,0.016824159255786644
1993-11-30,0.011394974616538607,0.015127981249848804,-0.007058423831320607,0.020800011893624806,0.02535323692839128,0.02071094034609984
1993-12-31,-0.015364783279372029,-0.05681246686289318,-0.02265250171739577,0.017253459982073668,0.023551762377886094,0.018359852119104268
1994-01-31,-0.01049586794573706,0.0840849351987589,-0.01705816740820237,0.016414209215538895,0.026032981668397084,0.020534255561313105
1994-02-28,0.02748525432706353,0.01220144721841954,-0.01912967677258424,0.015577403573979671,0.025242148235251245,0.017885360024731036
1994-03-31,0.05730200729687625,0.07664977531194724,0.020802208772664508,0.01977246308646741,0.019090639391134437,0.017693561927085676
1994-04-30,0.01635184133737273,0.07386779109652088,-0.0139682705121487,0.017235328783526224,0.02560996761118896,0.01890378796403324
1994-05-31,-0.015510919605688022,0.07878436807249428,0.03817254960138222,0.0182457314370078,0.02618600828082517,0.022189297055523218
1994-06-30,0.12099128400099245,-0.023616657955031824,-0.030910657156638693,0.019194397452491227,0.016711980531840327,0.015144619395874205
1994-07-31,0.07607440588396916,-0.008913374784257237,-0.07487508272239303,0.018725716189303417,0.029514754031824946,0.02137553350020119
1994-08-31,0.017476266515880017,0.028970435916696412,-0.0055320326157455545,0.015743945797808617,0.02272589316911978,0.016805665878110634
1994-09-30,-0.029970135285551928,0.030180421403678954,0.09879718686211234,0.01927083109347198,0.023788626881059628,0.01970795256249651
1994-10-31,0.0556373344757443,-0.019621231872089875,0.05055096659620105,0.011403038168205315,0.02322546148522473,0.01783057486529597
1994-11-30,0.02039649391664025,0.13259630898964148,0.10790488137233135,0.01591975174236195,0.023798273313667535,0.016581260859642302
1994-12-31,-0.034348780659980996,0.027858639478934914,0.1003529029996091,0.01680278266442921,0.020085738850601154,0.015585091300448151
1995-01-31,0.039056639376223806,0.039846185500195155,0.023989758944238784,0.02080289997857748,0.025785938247012186,0.02120490205345379
1995-02-28,0.05481765942191506,0.0748615789330622,0.07474661663045476,0.01641052583605892,0.024382632707112547,0.018984739199005438
1995-03-31,0.07354813814917317,0.04951558393040187,0.04059171399140242,0.015565233053896576,0.02860124771970039,0.020832369877007175
1995-04-30,0.019574539554819092,0.11339447151937201,0.03326788719298325,0.015506664363493121,0.02564858024000442,0.018953377131969443
1995-05-31,0.0454254589103604,0.1517611061493359,-0.013430739191965236,0.020845663161266025,0.027402288771629764,0.021469888950664418
1995-06-30,-0.009785212543972736,-0.049901144161819996,-0.038818105309771186,0.014127578235294492,0.025282981376531247,0.01803615855458352
1995-07-31,-0.004505253286745142,-0.08716520437181363,-0.022757855329514822,0.015062468715678777,0.024980880268674132,0.019098030177184946
1995-08-31,0.03537176453450984,-0.02816896576417715,-0.0438860801291609,0.0175952333710936,0.01893556370035344,0.016720198304998393
1995-09-30,0.13447987067590922,-0.01279225805838971,-0.08055425239208773,0.014592553988313176,0.020280990566483442,0.017030761009085845
1995-10-31,0.06463979427203553,-0.07025412205028836,-0.012437134273481577,0.015812306216967578,0.023283252515297132,0.017559640598150655
1995-11-30,0.013091332423904263,0.11525460222171575,0.09537980735506016,0.015886011433224392,0.025550546261753806,0.019647535687511743
1995-12-31,0.09177348099402069,0.10020632257131039,0.04498361288274186,0.0167941180658604,0.0235357638919567,0.01762226253683579
1996-01-31,0.04008491072550284,0.00114184999269697,-0.07443976319701008,0.018995163983568715,0.023879637876383527,0.020866230813342677
1996-02-29,-0.0002500827580118256,0.027029845925164938,0.007789646328476946,0.015842845997885123,0.021632440795519556,0.016979118968621903
1996-03-31,-0.05705510831924576,0.0715023577326146,0.11457087542792695,0.016844057517138716,0.025910322501644496,0.018165484763922636
1996-04-30,0.022598633966469658,-0.09296111097652027,-0.009934926898747604,0.017065475643709332,0.02959433422393768,0.02231692173554083
1996-05-31,-0.002045147297086561,0.050495802114436134,0.0789676324863487,0.019167917944864842,0.015492048316950825,0.0157938444410292
1996-06-30,0.062291191719957006,-0.021733267835321347,-0.04599764842561645,0.018391388683743137,0.02271589865979936,0.016948755209939315
1996-07-31,-0.00480740464413747,-0.046670953156158795,-0.025475268665066577,0.016876447166310485,0.02482674424233681,0.01740553082942956
1996-08-31,-0.004954176439986763,0.022746527324338444,-0.10056011557709792,0.01673912797584576,0.02074315772659305,0.01686628179017229
1996-09-30,0.002399348611709838,0.019422773415709936,0.04039082113798877,0.02015047502393524,0.02341643612979483,0.019016141574828758
1996-10-31,0.01580909684737093,-0.04367677486367,-0.01565208238784643,0.015578511147412296,0.02731229691398929,0.018751503239401057
1996-11-30,-0.012063686086761779,-0.01221618757404326,0.001436818938649902,0.01922243654326491,0.01987521513005969,0.017464078949865958
1996-12-31,0.04609109966914558,-0.010783427771069283,-0.03890802935650074,0.01748696759452968,0.024005591340847003,0.019730125057749154
1997-01-31,0.06924579851165319,0.08377531340298322,0.038255715749568805,0.01808172823484374,0.02160962012781403,0.018861372521303637
1997-02-28,-0.036619383876902986,0.07702893359336441,0.033046089427130054,0.01786665486067832,0.024601916918960038,0.01785786192172432
1997-03-31,0.012170032522866922,-0.06296370887879646,0.03082336605065467,0.019102431989595586,0.025406764649211593,0.018988890676007834
1997-04-30,0.05909846224283563,0.12628075766864236,0.029697266986858453,0.01986195761640334,0.024534598584364638,0.016441801736297973
1997-05-31,0.020733284539376725,0.05452892313406789,0.08253963574180324,0.01842320999188473,0.02135992814835876,0.018232326915781583
1997-06-30,0.0073957467932926485,-0.04675771313520061,-0.057642060829828354,0.013879164994087088,0.01687549623221391,0.014923559660274515
1997-07-31,0.031054262605012796,-0.0790095044820076,0.005513629292452648,0.01582801688696696,0.025186742363279915,0.019120219552264308
1997-08-31,0.05493491466187071,-0.019900963047804705,-0.15493258605557547,0.012716443414484609,0.022444352780727286,0.01476544233390162
1997-09-30,-0.021726062237423672,0.10495238971424417,0.15304937452485626,0.016950978890905792,0.021836428414619993,0.01727731279808587
1997-10-31,0.027730029864462612,-0.025326224668273813,-0.05786150327150526,0.023039742514639066,0.024766828497130647,0.021488483441273687
1997-11-30,-0.008515127344789222,0.04089196456516404,-0.02788737917001635,0.015194515357445234,0.020048437771832968,0.016294315587324148
1997-12-31,0.014638030829686111,0.05374867067451594,0.044267857791361276,0.015125633986268686,0.022336013891522594,0.01658429495089496
1998-01-31,0.0677485152927473,0.004377736465779686,0.0023426289460520694,0.01781008698990128,0.025740115375327093,0.01885947315276752
1998-02-28,0.02470068430682538,0.031028508826959955,0.18266788382980093,0.01648794352291777,0.028220695181827803,0.020753559676032988
1998-03-31,-0.021870969759409883,0.02525299269218024,-0.006504145741545918,0.017976643608319586,0.024355007743833746,0.019010416062811133
1998-04-30,0.020414849545974657,0.059486597479007475,0.026368963759643455,0.013955969889893213,0.026274894862596727,0.01848344439374185
1998-05-31,-0.00613969147330724,0.07671245800587972,-0.02930328303617871,0.013068031096130537,0.018202848457513254,0.01360355285148168
1998-06-30,0.016582325745491792,0.07512749984899766,0.0632348311755947,0.018825533658019266,0.023360986282361978,0.019212770706545586
1998-07-31,0.037650982145499653,-0.07696900439063308,-0.0489643114920081,0.01902257035047777,0.0308262292529008,0.020851851508813985
1998-08-31,0.12517430439698354,0.032746816468305226,-0.0033173348408745626,0.01339857625261957,0.020013254717154757,0.014501271088450158
1998-09-30,-0.023900714931222884,-0.06219334626149041,0.009389720422348653,0.015399710990516183,0.02915011053288949,0.01918968676803298
1998-10-31,0.02365317822541019,0.12711070418155485,0.13065195085059914,0.015715342586340567,0.021971160817264922,0.01684522283874317
1998-11-30,0.04172366878253094,0.06733319155516215,-0.029402979074737257,0.01216497237911086,0.021352942568708618,0.013111134115689514
1998-12-31,0.007336119180962162,-0.07183953544864387,-0.15724148233260182,0.016490727381634058,0.027495874285540848,0.01908403655550402
1999-01-31,0.004150056594398641,-0.01506689758155616,-0.02730754511646886,0.01675624668799467,0.028013235602125864,0.017516803999676617
1999-02-28,0.052565822643635934,-0.004305568121456195,-0.056678185346222404,0.013876336419913086,0.024751704373538557,0.017799274219560735
1999-03-31,0.03948977415188312,0.10964908953698911,0.07747905891691499,0.012832853415076204,0.023151526431138176,0.015946863412847876
1999-04-30,-0.0035407977901368605,0.003646250998618126,-0.04154825264223612,0.01519993657799048,0.019884386757721587,0.0165253311503325
1999-05-31,0.019902076862572598,0.09200262882348728,0.005831294249973622,0.01621832776877088,0.023158310784127847,0.01883176699140142
1999-06-30,0.0156552746732998,0.01368818398080723,-0.03117688111282006,0.01195929772072217,0.025007411987022197,0.01591479249858182
1999-07-31,0.05739337509086892,-0.09746629971506143,-0.009999558104973997,0.014968909994736768,0.023315837061016288,0.01965232005244975
1999-08-31,-0.034097769878029205,0.09203190822490528,0.07660686267859443,0.016142925821948657,0.026293422252968955,0.01746252445907941
1999-09-30,-0.032936938061321905,-0.004963593892261461,0.038953678119957966,0.012524092074805733,0.02008693731768164,0.012965583592069178
1999-10-31,-0.027060335699117196,0.022773447347403546,-0.005873752914527065,0.011342580554764527,0.019015201406684383,0.015429808189850526
1999-11-30,0.08283600637797796,0.017185499669249413,0.08038038306646465,0.016780428528532485,0.03252127633980935,0.021383729922624883
1999-12-31,0.08772049491972157,0.13006000211281105,0.033650268884192036,0.012889236364615345,0.022251211394491256,0.017689447670745945
2000-01-31,0.03255106143639549,-0.06778042111310838,-0.02975155790340905,0.011218883385145723,0.01731974744410873,0.012503263159303397
2000-02-29,0.062171667140781234,0.07464036120599699,0.08952562099998417,0.013072169134308732,0.02220300247136855,0.01644876643801243
2000-03-31,-0.04798980175296007,0.05221237505042102,0.09984368443447118,0.016596909934654215,0.02364467860100951,0.018185578571008474
2000-04-30,0.005307672627180831,0.012224895414908083,0.0025236238566421036,0.015546571972464002,0.02438976770054263,0.01541231731638816
2000-05-31,-0.027946988950611134,0.05651010407891263,0.03992583168143511,0.01889698822370907,0.023105454409716907,0.018996986914094863
2000-06-30,0.00586589230703255,-0.05434352116996778,0.026754965429448416,0.0164523362086805,0.02684754031698202,0.018709801818794124
2000-07-31,0.06046564165908136,0.14448980375604747,0.006138818788938145,0.014588683432722212,0.024875807725292885,0.017957497212826152
2000-08-31,0.053441655116886935,0.02108261310929509,0.06854641915999982,0.013648579300715554,0.02986103267206235,0.020323146141435884
2000-09-30,0.061371188932763915,0.08931685056988523,-0.03763298261570344,0.014845273047999078,0.025621508559417014,0.018625047867238332
2000-10-31,-0.03247282531535346,0.06441389292359362,0.0171194456243715,0.015217564022617844,0.01926874543450939,0.014408735348590595
2000-11-30,-0.011040748966696011,0.04817877634800305,0.04431190548675204,0.016202842252821197,0.020751307442766317,0.017662137266590962
2000-12-31,0.010444239927592438,0.048365572578829626,-0.0492332303363433,0.014979804832094538,0.016032779174990477,0.01457327070214207
2001-01-31,-0.004969275490597298,0.03940381083667121,-0.0010036000330738114,0.013835164015996266,0.02064876030552717,0.015817941749244824
2001-02-28,0.035777796606355224,0.0933520771970457,0.08010082897458103,0.014486191165307895,0.026126801935562213,0.01921366114281343
2001-03-31,0.009326634633190934,-0.00364550868489414,0.10688513709427121,0.015196821422792052,0.02187739266041655,0.016508741137655655
2001-04-30,-0.04802376227318783,0.16903201077983357,0.11739723931979058,0.013004230091728035,0.01991634170581138,0.014763298563846198
2001-05-31,-0.038624926648047925,0.08249194828929808,0.0027465156604753495,0.014971687282949708,0.021578492334632996,0.014025511456233205
2001-06-30,0.01017835075751986,0.11770246917559657,0.04254528502020738,0.0173231921997355,0.022972558945283234,0.01635036565175139
2001-07-31,-0.011242462207958881,0.06512588017322762,0.07313594129003548,0.020402655523745802,0.02385207867057582,0.01758988235579828
2001-08-31,0.02502572521548318,0.07823191718671746,-0.021901908917086956,0.017716389870110528,0.021712120439511963,0.01802504222663484
2001-09-30,0.027467924234050138,-0.032681758313285916,-0.022379403413491598,0.011975057252419121,0.021730367019217347,0.014210553950282518
2001-10-31,-0.002326101048271082,0.03971137398582722,0.055734687120312446,0.014076510111475544,0.023602900628487324,0.016049600943860712
2001-11-30,0.0535844514906407,0.04316675182101806,0.08436701781520749,0.014162615434481314,0.026914261676825584,0.017304933341866287
2001-12-31,0.019087904216922878,-0.0056474955591586315,0.05969349129287399,0.010371641130178626,0.02675893784977051,0.016045902794439803
2002-01-31,-0.015577916641096857,-0.026936124273117618,-0.023878368656742626,0.011445492470043629,0.02264942861290042,0.015409649883552508
2002-02-28,-0.019608819918427615,-0.03790904501822062,-0.07086323041821534,0.01878001995509023,0.023882419245461042,0.016475378812151015
2002-03-31,-0.011722099211372978,-0.09328362962582207,-0.023291672661265767,0.01483171426303189,0.022822741907913172,0.01631571351123554
2002-04-30,-0.01950101583360558,0.04513184630615847,-0.056850935335273675,0.010031533137907792,0.025430256964732258,0.017163943819396864
2002-05-31,0.07262426370691905,0.05851926889589265,0.05386474711641967,0.01082622741803089,0.024740580879687862,0.015895653461785692
2002-06-30,0.025810192018569482,-0.05558325165525446,-0.08492860270132184,0.010746310768230353,0.02698581726059804,0.017734936749594664
2002-07-31,0.03206261442616266,0.09047422102327773,0.08198836169145597,0.014545126064323257,0.025924083673593057,0.016249428834516595
2002-08-31,-0.01758185166707171,-0.041777090414148246,0.013978104437689785,0.011084279789098213,0.019999043244235515,0.01428769807532779
2002-09-30,-0.01683247098597197,-0.022007222888209596,-0.06534107837074202,0.01402754131310117,0.017482217933609028,0.013404680215328651
2002-10-31,-0.04889452550078009,0.016526893431711098,-0.00169837341936813,0.013513645821049308,0.021486250722767,0.01488755587091394
2002-11-30,0.09465764503624921,-0.0071635910168606695,0.012790514815781796,0.012252103849391663,0.016284199395895534,0.013161885436070043
2002-12-31,0.013729803229656576,0.04654689517218077,0.043603611072939225,0.016160569166140937,0.023485658126349968,0.01799620453304813
2003-01-31,-0.014378898659822979,0.0777880743136407,-0.03951220847778181,0.013679844354939125,0.023491191938295998,0.017629328929587414
2003-02-28,0.035173231712406786,0.08089692853109882,0.08726931716213251,0.011981081067333465,0.020921882878454978,0.01290129305850398
2003-03-31,0.03592886162780151,0.004553306267538439,0.01632061369720232,0.015138878082662696,0.02776037365852671,0.016269787754056998
2003-04-30,0.024623403252238656,0.03990555541573595,0.038051355372873116,0.008733865964616373,0.02271098326235742,0.013533007435218916
2003-05-31,0.022249463447665794,0.01809982755615136,0.044015819280684335,0.01520309215063416,0.019758665863450927,0.01629132995465351
2003-06-30,0.0631763355094371,-0.04337204766151807,0.05536303327141004,0.016651327720372106,0.022117991903346148,0.01648879057982323
2003-07-31,0.04106438894650497,-0.028505407066437352,-0.09226605797030389,0.012927361813659775,0.01755660300756813,0.013193005062360805
2003-08-31,0.03539927995151458,0.07063972176662706,0.039044857561508134,0.016702089697252228,0.021492350177886567,0.01789166322004604
2003-09-30,0.04116472425857947,-0.06641878332612203,-0.08015237201348567,0.01544387253727527,0.024677795141769758,0.018213030410853502
2003-10-31,0.044138634640701106,0.04460402728663236,0.007557776571150272,0.013930515823842445,0.01737779267185999,0.015098265815117296
2003-11-30,0.06774225682985918,0.029755062064973276,-0.014137668802551767,0.017493396243041748,0.01723985687398321,0.017404131383686246
2003-12-31,-0.004202061055456303,-0.07464482300349243,-0.021686330171697858,0.01657200933102878,0.025705762578130783,0.019571032573617652
2004-01-31,0.044236610332489185,0.03506858268262396,0.019658820366144164,0.013772182649281671,0.02148341312924663,0.015596197675738901
2004-02-29,0.006836339244321029,0.16462325161396427,0.08575728493057648,0.013971125189226849,0.020444736845149525,0.015200972777816228
2004-03-31,-0.006549697913537832,0.09894915840884477,0.026515687438217295,0.015477958103938374,0.01842074342803643,0.01504871727269159
2004-04-30,0.01037738280064322,0.09487234071450779,0.008808975414767235,0.01687253727425406,0.023912348148156362,0.016829093314022922
2004-05-31,0.06954392135514482,-0.028914839101132725,-0.014949291594971898,0.011691834693528953,0.02015168931212763,0.016367844365134002
2004-06-30,0.021926706958952314,0.10346827574994327,0.0011684294703830818,0.016930507200722932,0.019341708452238364,0.01732372766833035
2004-07-31,-0.001742453439080506,0.005403306747877545,0.03620830144352398,0.012005267792527793,0.02061326128112061,0.014141847064066394
2004-08-31,-0.03764592365551145,0.13044213946078786,0.12854100331947932,0.012584136990424677,0.024612136036551588,0.016447781163497686
2004-09-30,0.03681134412096575,-0.0684016594586604,-0.05559704300933305,0.016817428623717302,0.019462255333846327,0.015489993434913406
2004-10-31,-0.01589280098031459,0.14357320399039525,0.016074055213516823,0.011058659575929875,0.02067298123920325,0.010596333212792335
2004-11-30,0.040871402465759925,-0.020134024534731447,-0.018918463457629178,0.013736464213853763,0.02089753020236127,0.015321399487912815
2004-12-31,-0.041078379248612684,0.12239986100483072,0.09609143605034337,0.012836990707798108,0.022352419515360288,0.01557850508088159
2005-01-31,0.00884141280681215,-0.013729232882821345,-0.0171142247546187,0.01118130315150174,0.021862513479016958,0.016072350364132862
2005-02-28,0.06929549897219812,0.1269606741511785,0.10573545846580772,0.011750497704651891,0.02008395738552487,0.01569510725530846
2005-03-31,-0.03570061016701925,0.09314335160180819,0.14771949293735737,0.013841253124183751,0.01723212271317563,0.014358498644304675
2005-04-30,0.06700348829430738,0.0427945549089632,0.08205392625451169,0.014716853083917698,0.017778073029759093,0.014078920036981213
2005-05-31,0.003128982113340551,0.13595971494184272,0.045013623385796855,0.014567225759983135,0.027379934976253205,0.015667305926037753
2005-06-30,0.0021027420623553755,0.020765304675523504,0.09775346265035474,0.011652127633461393,0.023600835974155413,0.015894841636458427
2005-07-31,-0.005646343070577903,0.010419745551284564,0.0655122788591114,0.016396387473211507,0.02126574129273567,0.015958708925230457
2005-08-31,0.03229142993815086,-0.0028683979319533495,-0.046423830544074174,0.012826250361848484,0.022431222280619098,0.01597963142943531
2005-09-30,0.03967755801772597,0.030360627523623188,-0.000298527234411974,0.014892096851108842,0.021852159436193907,0.015052220290685855
2005-10-31,0.049780515696394745,0.025477244423140956,0.014467020366645225,0.014169688985894347,0.021911576943877527,0.015867623835412653
2005-11-30,-0.002648284992062523,0.03372942624198959,0.03577673501523032,0.014308757455824543,0.022561018569162084,0.01645000715725018
2005-12-31,0.012836560949902282,-0.018303588286820466,-0.016839222829095845,0.014509741749598737,0.024667637863974044,0.018803971294723505
2006-01-31,0.015762354249376363,-0.04038974125842791,0.026826019338053418,0.01136049232062203,0.02126834161463543,0.01431818545886588
2006-02-28,-0.0056279571531722555,0.021654063800527392,0.09060737988931934,0.012251540303654522,0.021763977206196782,0.013892978342980908
2006-03-31,0.037983551129698104,0.01855473698434417,0.09516413245239343,0.011372760751083842,0.01634889546880442,0.011918606137027075
2006-04-30,0.015799439589666446,0.1290293979584149,-0.007869884365580514,0.009377200152809037,0.020250600095955057,0.01284937947298743
2006-05-31,0.023534108352612923,0.004095352925789653,0.06467305618760334,0.01521436173563475,0.018737022181388296,0.015103946496583975
2006-06-30,0.060449216639993295,-0.034975231295111306,-0.15060310390262407,0.017008128523266254,0.02137991386590614,0.015465110800433644
2006-07-31,0.03157500514832173,0.013101267355883493,0.10866952976831028,0.012054690521298568,0.020238464429874096,0.014079644271579789
2006-08-31,0.06771175967642024,0.0197123168931,-0.016135242308563915,0.014184082978904323,0.023379855112241076,0.017898433428161997
2006-09-30,-0.04535389983593374,0.06451658883525907,0.10275690409388616,0.016019475151981287,0.02054374495276947,0.014803044194164226
2006-10-31,0.0029406305195029264,0.08347387425052727,0.05982424951882136,0.012531876371817727,0.021202500349504456,0.016296411493986775
2006-11-30,0.027116725706713384,0.042729060604465734,0.03094233120970283,0.010539571799829712,0.026398318129198736,0.014985030283409398
2006-12-31,0.02262021119930513,0.13904960593855656,0.12108037022263472,0.011530999130682507,0.01818662643807362,0.014201111687514069
2007-01-31,-0.021270421580780765,0.03026756970177862,0.07500283910825466,0.014770984570744173,0.017712490839415538,0.014062928011058117
2007-02-28,0.03854702405604261,0.024911134238656877,0.05333325346422123,0.010562123531970637,0.019181879358221108,0.013346726378307045
2007-03-31,-0.007904823734191786,-0.010624139569717535,0.02584292863806574,0.011768922084878043,0.02461734474520441,0.015197556451137625
2007-04-30,-0.009635609554438731,-0.08162818992578741,-0.04772722858962396,0.018469508543338366,0.020784271855134862,0.017732613194183983
2007-05-31,0.040613151248574245,0.060315972595423886,0.0562690658379123,0.01544050968586572,0.019313512986711613,0.01593873949767163
2007-06-30,0.020321491031112082,0.01126628799056674,-0.048076619903580003,0.007735581703772542,0.017648270574727665,0.011799053895030333
2007-07-31,0.07900835692883815,-0.07485576273517762,0.003310969164569664,0.015458783582576914,0.018191455191761796,0.01478530573902144
2007-08-31,0.03052588865044802,0.020575576358979233,0.10140361440040778,0.011709385198868019,0.017481774779999217,0.01341396844575372
2007-09-30,0.004242100070580197,-0.061629270580846024,-0.02470937290591115,0.012056439957685142,0.022021570823252578,0.015517848621603905
2007-10-31,0.042452549876138196,0.07583181171780687,0.009540028306617317,0.017746557416772966,0.01947739651634929,0.017350699992056896
2007-11-30,-0.07947486004349053,0.09177341134895045,0.02373472854847569,0.012803368591182755,0.020195719799125704,0.013921316522365666
2007-12-31,0.04304653002145194,0.028965875023071627,-0.025505895734235933,0.010381926958336627,0.018106724046716944,0.013614678931342673
2008-01-31,0.0050770147540055,-0.009643434878244116,0.040363107249041394,0.010744309495136009,0.02096242432437571,0.015296293386634775
2008-02-29,0.0025582835197144153,-0.029772706475329425,-0.004741401133912689,0.009623160838522096,0.019222618019765852,0.012818980870152059
2008-03-31,-0.006295422065885223,0.12135132175621083,0.0799882276945535,0.009251693739928601,0.019043550622139804,0.011427154153076534
2008-04-30,-0.0167237765747985,-0.07731508731815319,-0.044954547466278166,0.012467597406223298,0.02025954528922712,0.013194157100297893
2008-05-31,0.03142078903503924,0.010646482220056395,-0.017170763918890688,0.012620175911231823,0.02407262401712492,0.014947800523760445
2008-06-30,0.0023289785580091864,0.10304939857794167,0.09453992515516525,0.0127541185814384,0.020530711587117154,0.014711531265207802
2008-07-31,0.014151911415386083,0.008916628512216706,0.004926367190399622,0.012991773442660838,0.021402981640423084,0.01563708977414345
2008-08-31,-0.019460933784519813,0.021008977089838884,0.07105009947716313,0.012493220955217547,0.016812408812778255,0.011925956460902217
2008-09-30,-0.019205234464310144,0.07067346484942517,0.0530670044171022,0.008281633230797093,0.022075281867062396,0.011450197645772365
2008-10-31,-0.047375602805312,-0.03439224319429904,-0.01639094096694645,0.01048003276912221,0.024603068340693673,0.014879916093131912
2008-11-30,0.012768025472373889,0.0823680069705432,-0.013807391925002768,0.012563942908386841,0.02131191770052864,0.015470825457937772
2008-12-31,0.06989284365921604,0.02132309288803634,-0.018814070271930886,0.011863001244560096,0.029476193976296753,0.01716096003508981
2009-01-31,0.024768132962355045,0.026431294313744094,-0.12167547670569852,0.011507277067500741,0.024038665071879153,0.017132953886525828
2009-02-28,-0.00837108748893799,0.08109247369358535,0.17944428712269309,0.013741820682714819,0.01782849599718787,0.013524476984192757
2009-03-31,0.06652017608299014,0.06657753463364095,0.008640183101582702,0.017294887098082808,0.026643560003589348,0.0178402628246811
2009-04-30,0.02052477274059831,-0.011240543157212547,-0.014165697907085339,0.013064798503974259,0.018124236496575165,0.013098643798733984
2009-05-31,0.04025122200117225,-0.0022307220551489385,0.06608405226288523,0.017135144432484765,0.018226801578660787,0.014242992908004916
2009-06-30,-0.036935152094349874,0.015946124277702815,0.03116429043146423,0.00808524870178752,0.0197269407404069,0.01235538260444827
2009-07-31,0.020088613652371627,0.03036705660180103,-0.058380257695159546,0.008777756550768345,0.017988700382278358,0.013547603327965325
2009-08-31,0.030820499189353843,0.08344310313145795,0.023559834459057235,0.009811225253558722,0.014048763938086871,0.012078371506567516
2009-09-30,-0.01795009166930551,0.06835543674823946,0.022631158641551425,0.009862603681728805,0.017273584790649284,0.00976909980523267
2009-10-31,0.024787040788881207,0.028165538567145113,-0.050027827114471665,0.010909631068253685,0.01542978415930073,0.009968432581527877
2009-11-30,0.04590108531747494,0.01375647572713204,-0.00024831823836611415,0.008258287500007342,0.014096560408651312,0.009200786140990964
2009-12-31,0.04413217532637637,0.021168432533419775,-0.09561877805749865,0.010607418899959078,0.023418349835529286,0.014088811883729234
2010-01-31,-0.003454780763300455,0.09413829261696428,-0.0009174420554040087,0.005559105228581111,0.019654617149709074,0.009379714840778739
2010-02-28,-0.03966674694789306,0.03141928331657846,0.04557133832872279,0.014482700396021633,0.020687609430726436,0.014366867228468139
2010-03-31,-0.0467924210258283,-0.13121510185902313,-0.009693848508834216,0.011233400168753883,0.019096078606325572,0.0110571374874501
2010-04-30,-0.020223038745634875,0.20988236965305235,0.07193108312431401,0.01176321121917776,0.015093326791436379,0.012648929406290895
2010-05-31,-0.00815820848390457,0.004401957087273284,0.008143448156856224,0.009958786969303794,0.025782485470121717,0.014919551192829672
2010-06-30,0.0489407725524801,0.022342885666103138,-0.009474054745375177,0.01201796991085905,0.021910408946339225,0.014960069820946793
2010-07-31,0.0349838993812042,0.026652191366862858,-0.005264285228691944,0.012986371997714933,0.016868964317067633,0.013749455796998203
2010-08-31,0.006884650809550441,-0.06393139746059454,-0.055375869086747756,0.012496852025261431,0.01968053559378275,0.013336422756055758
2010-09-30,0.015884758356734092,-0.0014932696115586633,0.014915271706908859,0.013651415763204163,0.021714753618776717,0.014458748116415798
2010-10-31,0.04764769156587571,0.021842838364421323,-0.10343257349029386,0.009849165977508083,0.020760480490551063,0.01254935136315876
2010-11-30,-0.019639694406213912,0.11398337081777092,0.04495491356989931,0.014789845893127696,0.024909710646216755,0.016194460982778238
2010-12-31,0.07619694253472956,-0.17086294197371357,-0.03220877502628111,0.010717392415510753,0.016053251555494266,0.011487329296554894
2011-01-31,0.07004133946641733,0.05340362124163466,-0.05471657355296061,0.012100874026397526,0.01929444398392671,0.015030363979569594
2011-02-28,0.045494563621688355,-0.0595665604647686,-0.043544686154215625,0.013100516839679064,0.015223973758682712,0.012408128192564753
2011-03-31,-0.027664514359739923,0.006021206828621849,0.1279889886993037,0.013973616928413408,0.018515121310159848,0.012955720286970462
2011-04-30,0.05645128909839679,0.07531031346490774,0.08698912497946405,0.0101873638146113,0.019460495695901223,0.013807689721635848
2011-05-31,0.019511968740273278,0.05956415221323063,0.04158109392128416,0.008543252610818276,0.02203086284501574,0.012386546021152122
2011-06-30,-0.001910547268370314,-0.017074617487075797,-0.022004952552262123,0.008421670850126298,0.01979231471064939,0.011636743112600455
2011-07-31,0.056921236355300275,0.05540205911069465,0.10345974989602812,0.010870398771078493,0.01877853780253649,0.014430704137246623
2011-08-31,-0.035645961818285596,-0.024541927240049083,-0.09534703370212566,0.011018874097849496,0.020684122240441704,0.012350295334312582
2011-09-30,0.023556495706983083,-0.018190700342903897,-0.05899380077165749,0.010137337323200764,0.014571090034786153,0.011449553610567402
2011-10-31,0.08588119325634502,0.022281644037135406,-0.015537569742787225,0.0079581446722393,0.0166461988402691,0.010526369964667725
2011-11-30,0.01600865859120401,-0.00045927537121156353,-0.06376095266392465,0.012547517918960614,0.016048593549299505,0.011472548679429172
2011-12-31,0.002876633794946449,0.14486677417423255,0.11687337207655256,0.008478117960542406,0.019080859172498056,0.012259827061729619
2012-01-31,0.03297160506576321,-0.0058728996441585815,-0.019943175091749914,0.012686780487944192,0.016572452651737048,0.012334046520465446
2012-02-29,0.05254216536281714,-0.08079507226863757,-0.02294501074880528,0.010506451035807723,0.015550453571722014,0.009556170469845858
2012-03-31,0.003519278162032121,-1.4008610253607445e-06,-0.05889317672530982,0.010859472341253397,0.01991997337492489,0.01318733640780731
2012-04-30,0.08766162450584357,-0.013929666079149354,-0.00986398130846403,0.00902515950901271,0.02166477725255679,0.015247978437195763
2012-05-31,-0.007658711840538346,-0.09992738711242549,-0.0711524959836863,0.00722419392362672,0.013215857231147887,0.00857879624267853
2012-06-30,0.0386551690896039,-0.020197569160785196,0.05298676901858662,0.007103336107314395,0.015765436484630302,0.009832106826011192
2012-07-31,0.03157284000149957,0.10740977341423766,0.000987851699107544,0.01142037094036245,0.012618920352483524,0.01039932461306444
2012-08-31,0.013627890651349216,0.0122806472068237,-0.007469490041135139,0.008736994872197874,0.02017074391643045,0.009103859372193929
2012-09-30,0.0914010172820908,0.030953178639408656,0.033877084999096044,0.008507169728958706,0.017242280387360948,0.012391102252985174
2012-10-31,0.09895302455903068,-0.048462540503504584,-0.03470597948648292,0.00929459304459641,0.01649739638224693,0.010175851388558673
2012-11-30,-0.03218299759838868,-0.04035128621230803,-0.040481552564073334,0.009080218331904217,0.016724176815939268,0.010860471665288142
2012-12-31,-0.04248551966884227,0.03660481596664085,0.12686197552710476,0.011575493753051721,0.01589576728605336,0.013457150122521263
2013-01-31,0.00595379193626447,0.024944985952729433,0.07683719517036756,0.012001685681709555,0.014746570812269127,0.010239151586691874
2013-02-28,0.04738572017597965,0.1384012651270085,0.105524757349884,0.009139153852609296,0.020594826480947546,0.01110366323294837
2013-03-31,0.03263583597849833,0.05218307782327623,0.0752091651856397,0.009288193062194548,0.017578027088968613,0.011999737363862154
2013-04-30,0.054716024370745756,-0.09443653791223514,-0.0736732906223673,0.0070920586198023805,0.01637593248051843,0.010084453700330703
2013-05-31,0.08415404257890648,0.017774495874299627,0.03443417095170591,0.009183021425591315,0.021146071801717407,0.014049116775916757
2013-06-30,0.021475788062048442,-0.04017253186657642,0.004214148483963155,0.012110565885926319,0.022313797649411948,0.016854475123312
2013-07-31,0.057573682340960594,0.04415726107977164,0.04487549927852842,0.010605503639378915,0.011913854092247442,0.009724463397929616
2013-08-31,0.03300946118059841,0.09231230717563879,0.07249709529536731,0.014771720238666422,0.023539304002499244,0.015242201578403319
2013-09-30,0.009614603981567603,0.052429241421091274,0.058739740785294745,0.012437451691922584,0.019097495577761095,0.013880295677479048
2013-10-31,0.02054011665449849,-0.013063560689325251,0.040161076020000866,0.007538848771982694,0.015526395489163241,0.010187994874602119
2013-11-30,0.07736489677539347,0.08480427669215575,0.06251357610496112,0.0114410124186591,0.01821915945566765,0.011920512025576924
2013-12-31,0.02012241328857634,-0.019386153566294403,0.03369707997277231,0.008238067532495792,0.020503506506588547,0.012477299386556425
2014-01-31,0.046366314605603566,0.008655504664050219,-0.004072503422817432,0.012395986127707296,0.017354348103740785,0.012504132036272049
2014-02-28,0.06231737218435135,-0.054475437393069745,-0.005373404955461795,0.012891650100421653,0.018700675650426348,0.015313723314934411
2014-03-31,0.03216679264981024,0.016411062268781758,0.01610034022051766,0.007365110542342621,0.020860915806386417,0.01068680434965536
2014-04-30,0.007670448905302225,0.10515701026214443,0.04700692881263609,0.012155383124024591,0.025575269459811294,0.01462997967009919
2014-05-31,0.018072475932107163,-0.03809423064925212,-0.03609874675090945,0.013806674374404746,0.022550459215462414,0.01389395046625981
2014-06-30,-0.03614268943943873,0.1257689703886835,0.09025880099642182,0.008957362715113144,0.012500488234672088,0.009639631089440303
2014-07-31,0.06932637408887601,0.13776873841373402,0.1199038387553014,0.008245328230840444,0.019129769979427225,0.010896828283313094
2014-08-31,0.01247488775687089,-0.06081265331526016,-0.1265189923043667,0.008560990541730889,0.01862656695535457,0.012494825882215113
2014-09-30,0.04244107545156507,-0.042273938182728954,0.029748184889146743,0.008852702411045871,0.012321508334791627,0.009427961388837378
2014-10-31,-0.016801463568822384,0.11259949678723684,0.11257625759932845,0.007307087356307071,0.0163641699254336,0.009472864396136867
2014-11-30,0.01775398400693999,0.06882781078460731,0.04337686471212773,0.007248940031351087,0.01817716639046004,0.010719178230356329
2014-12-31,0.02467805708013692,-0.0453721357766156,-0.016325898493864052,0.008189402091466434,0.018699482717623492,0.011947607995865512
2015-01-31,0.0036599658709967273,0.05751381724953179,0.03942555175008025,0.006473326368605371,0.01650135071061668,0.008994742684564079
2015-02-28,0.03147855834743846,0.024612736294431177,-0.0035184893887761307,0.008934368855361958,0.01712266162389781,0.011092764793844339
2015-03-31,0.008343312731003414,0.07105854558829292,0.0448426159004002,0.0041148789220481746,0.01760046226897956,0.009920853250621474
2015-04-30,0.10749076947797402,0.0886198935561552,0.13764857325424068,0.010198478328064439,0.013860128390019471,0.008979649744486123
2015-05-31,0.037917180391687934,0.03305900195762009,-0.0013943692596765488,0.008215470543388118,0.019009194533474535,0.012607570621842645
2015-06-30,0.004889368300215717,-0.0669239596550543,-0.04421997718672231,0.015102308243426989,0.02344391974075592,0.015212118588095777
2015-07-31,0.00031479936337242345,-0.04288857735314183,-0.00646239803429155,0.008642356729131263,0.022275752191047195,0.01171025336854753
2015-08-31,-0.03670841321181478,-0.012030137829929247,-0.010357208052678573,0.0076510011064605385,0.017815951629106805,0.010315838740178555
2015-09-30,0.0507685065879309,0.04246791663997303,0.07385444846909431,0.004216632298476231,0.022374272688125488,0.010990741603772738
2015-10-31,0.030647093988870104,-0.060833270889251445,-0.054299640705270893,0.011060495343808754,0.01582186812735329,0.010651954777362175
2015-11-30,0.014602578761908024,0.1596372183680485,0.0835303077488495,0.010016959693685292,0.017657794188039012,0.00969951438413249
2015-12-31,-0.048376757680271665,-0.004151579754312969,0.03618104113802302,0.011825800118090509,0.016658849076292663,0.010487852637135768
2016-01-31,0.027757946378758697,-0.0007725661631159918,0.0261249533356575,0.010952622033144614,0.012393231056897564,0.008305921599113673
2016-02-29,0.043633029490339634,0.0466391363107847,-0.037205516711963524,0.01085029481626915,0.011431791402552606,0.010482171149919938
2016-03-31,0.006827074389836539,-0.04519921661060637,-0.0002802343803769529,0.006592350485231454,0.013811056597861953,0.008131622798975292
2016-04-30,0.05837977413349711,0.06908883481368941,-0.0005698013430438797,0.007307630691178292,0.015489058588644961,0.0098930127382795
2016-05-31,0.011160195850043504,0.019783563281910534,0.053965610242092926,0.011241954779729517,0.01344287593110485,0.008265612913510034
2016-06-30,0.07261516861869433,0.02675778882087289,0.006501259695681798,0.009037847645257053,0.014245243026051096,0.010556534530313204
2016-07-31,-0.03676267406527037,0.08224752416087786,0.061820391817965836,0.008574415088854979,0.01658674630205633,0.01029206159721667
2016-08-31,-0.044535570678587724,-0.03296939840765302,0.011953052716357028,0.00042507619762108696,0.018478449551427936,0.008680921385425817
2016-09-30,0.02108397232847063,0.010691281522363122,0.05107272195414177,0.01220001677749066,0.018412913654416458,0.012154240951321662
2016-10-31,-0.0046027536889579335,0.10833673162412748,-0.0303721741839082,0.008663748353706183,0.02052677973662297,0.011521915326578895
2016-11-30,0.06972678737237413,0.048243667907560545,0.08513279443555682,0.009260796425319219,0.018475937069026713,0.012245561836404566
2016-12-31,0.04813688084163428,0.03730982632931612,0.10113484986669231,0.010552367704515472,0.016588902890719154,0.010949735160650113
2017-01-31,0.07524581842028391,-0.018629171358376717,0.011395859598958395,0.009840772066403542,0.01656792360436388,0.012402476480224208
2017-02-28,-0.011841044764169823,0.08001937326478512,0.09890881536231498,0.009211997683067005,0.023318461702403565,0.014654082144725489
2017-03-31,0.007190397127102123,0.08111475511647125,0.05192414237279297,0.010984718436169221,0.020571712661562006,0.015439696888421913
2017-04-30,0.03050765028679242,0.029300602730686125,0.012711474108449073,0.00968931217668845,0.01533497406956848,0.010001971171137691
2017-05-31,0.012061771134149928,0.03397769129107042,0.012914649678696101,0.008771844960711643,0.016903965863846408,0.010750642497705203
2017-06-30,0.0660170236597601,0.04903254187472172,0.024802716759747382,0.006753248616127761,0.012841654421007086,0.008022382939122046
2017-07-31,0.042613124184231896,0.01184802650719452,-0.06902257385066635,0.011475633953645183,0.017208737691583327,0.010943128851392734
2017-08-31,0.004608110926177826,-0.0013398049295711353,0.024373249252679974,0.00795860879190355,0.015349527460136706,0.009593199581170123
2017-09-30,0.020169386970127365,0.10438607330497969,0.08035102821783834,0.0071264097199909265,0.01572181556519854,0.009468478809502327
2017-10-31,0.024459447535157167,0.06434663205109298,-0.0405225219756022,0.007935175310771647,0.011018420290562603,0.006855831015471902
2017-11-30,0.08013876510452173,0.051920022938704694,0.014221689769909387,0.011587782775651484,0.012763224209760397,0.009733894553331714
2017-12-31,-0.018730048167513152,-0.02467181000422477,-0.01745056880000818,0.005894268786126263,0.010304840274474994,0.007482035891234212
2018-01-31,0.041863699862262196,0.030085831788069187,0.012460074439686844,0.008071858007989074,0.013074805306442682,0.008917828989851074
2018-02-28,0.006630644391346745,0.06759026380686164,0.013488654852132052,0.010866530356658004,0.014759829750861458,0.011003441985856033
2018-03-31,0.03865685825869261,0.013735012973754762,0.017014947863734364,0.01271808263929277,0.01683701954198951,0.011972288883203543
2018-04-30,-0.01162516478524309,-0.09133322640084171,-0.08222419122467144,0.009934061755578939,0.017523207563067727,0.011414941478600485
2018-05-31,0.050819745377490885,0.012220619857352514,0.05906736054572717,0.009977844949343105,0.015285330255496676,0.009623365359245748
2018-06-30,0.11276726995265704,0.05985866825668004,0.024569700767341093,0.008491993386944409,0.017050689399481057,0.009137063087966529
2018-07-31,0.002086037920593361,-0.03782862144753989,0.08337401778876817,0.006242207730945383,0.015174121580058358,0.011070224637186443
2018-08-31,0.05661290118355013,0.009131035051941051,-0.009482937471314418,0.009444987204322098,0.014042018451389584,0.009606671080555646
2018-09-30,-0.00821071866426307,-0.05714942792008591,-0.0014255232854506646,0.00922309870406206,0.01581858557564145,0.010705755909185183
2018-10-31,0.0029537753504185714,0.017078241633975103,0.10335344224233498,0.010591136201412842,0.01214519264545318,0.008520832370019786
2018-11-30,-0.048746522108033055,0.004262464262056419,-0.021111477318078994,0.007751952562493139,0.0173608061773548,0.0083463201132713
2018-12-31,0.03135362580040406,-0.013836466420726792,-0.043633393073728016,0.00894777730165932,0.016043265193545243,0.009118938400892746
2019-01-31,0.044827967731389876,-0.061750284403701394,-0.10726658260204495,0.0104987020155137,0.020588339505843094,0.01290522696827865
2019-02-28,-0.009004670103747989,0.039147774473452746,0.03303554266905266,0.007062183638279008,0.018516478845913738,0.010971518090479937
2019-03-31,0.059476604417549025,-0.02038624785299431,-0.09334093661105539,0.015808921428884296,0.014615182125223428,0.012169562259886071
2019-04-30,0.037999860755441824,0.0683858521325138,-0.07547785214766979,0.009218383822201972,0.011390043218977786,0.009042370265437926
2019-05-31,-0.009751684824421802,-0.052307629011920154,0.0005473247051140488,0.004135836907430647,0.008013341380646436,0.005767033600981228
2019-06-30,0.01547834380837257,0.05492652935670024,0.04611253353728602,0.0070474906044806955,0.017484789302706784,0.009895780826690443
2019-07-31,-0.026820624955128717,-0.10615846928036046,-0.1025371553259461,0.0075599632831249135,0.022576400979520468,0.00925888431616938
2019-08-31,0.05574922563006669,0.07673001545226023,0.02737446503253858,0.0068886491500028246,0.01685934616883766,0.007676327464633886
2019-09-30,0.039316484093023955,0.18389440266615847,-0.003345784842577356,0.007911478998108883,0.017561200930357426,0.010322261659458825
2019-10-31,0.059473519490953905,0.06531119780384319,0.10588879471589611,0.007075479277846485,0.01750374019669871,0.01138317230972042
2019-11-30,0.042437472227365325,0.09419358379733245,0.036850146618081184,0.004966370164123499,0.019116465687428908,0.009805484431647537
2019-12-31,0.09134424112809278,0.038479961233371315,-0.013853306770273563,0.008855702517408004,0.01831151017664901,0.010315044383158266
